checklist,SH,kingdom,phylum,class,order,family,genus,binom,qualifier,qualifierNumber
barcoding macrofungi,,Fungi,Basidiomycota,Agaricomycetes,Agaricales,Hymenogastraceae,Gymnopilus,,,
barcoding macrofungi,,Fungi,Basidiomycota,Agaricomycetes,Russulales,Russulaceae,Russula,Russula emetica,,
barcoding macrofungi,,Fungi,Basidiomycota,Agaricomycetes,Agaricales,Cortinariaceae,,,,
barcoding macrofungi,,Fungi,Basidiomycota,Agaricomycetes,Agaricales,Omphalotaceae,Gymnopus,Gymnopus junquilleus,,
barcoding macrofungi,,Fungi,Basidiomycota,Agaricomycetes,Agaricales,Omphalotaceae,Gymnopus,,,
barcoding macrofungi,,Fungi,Basidiomycota,Agaricomycetes,Boletales,Boletaceae,Leccinum,Leccinum holopus,,
barcoding macrofungi,,Fungi,Basidiomycota,Agaricomycetes,Boletales,Suillaceae,Suillus,Suillus punctipes,,
barcoding macrofungi,,Fungi,Basidiomycota,Agaricomycetes,Agaricales,Mycenaceae,Xeromphalina,,,
barcoding macrofungi,SH0886676.09FU,Fungi,Basidiomycota,Agaricomycetes,Agaricales,Cortinariaceae,Cortinarius,Cortinarius brunneotinctus,,
barcoding macrofungi,SH0888207.09FU,Fungi,Ascomycota,Leotiomycetes,Helotiales,Gelatinodiscaceae,Ascocoryne,Ascocoryne turficola,,
barcoding macrofungi,SH0980297.09FU,Fungi,Basidiomycota,Agaricomycetes,Agaricales,Strophariaceae,Hypholoma,Hypholoma elongatum,,
barcoding macrofungi,SH0980316.09FU,Fungi,Basidiomycota,Agaricomycetes,Agaricales,Hymenogastraceae,Psilocybe,Psilocybe longispora,,
barcoding macrofungi,SH0987739.09FU,Fungi,Basidiomycota,Agaricomycetes,Agaricales,Cortinariaceae,Cortinarius,Cortinarius armeniacus,,
barcoding macrofungi,SH1014208.09FU,Fungi,Basidiomycota,Agaricomycetes,Boletales,Boletaceae,Leccinum,Leccinum schistophilum,,
barcoding macrofungi,SH1029789.09FU,Fungi,Basidiomycota,Agaricomycetes,Agaricales,Hygrophoraceae,Lichenomphalia,Lichenomphalia umbellifera,,
barcoding macrofungi,SH1056874.09FU,Fungi,Ascomycota,Pezizomycetes,Pezizales,Sarcosomataceae,Pseudoplectania,Pseudoplectania lignicola,,
barcoding macrofungi,SH1117651.09FU,Fungi,Basidiomycota,Agaricomycetes,Agaricales,Hymenogastraceae,Galerina,,,
barcoding macrofungi,SH1125682.09FU,Fungi,Basidiomycota,Agaricomycetes,Agaricales,Mycenaceae,Mycena,,,
barcoding macrofungi,SH1126204.09FU,Fungi,Basidiomycota,Agaricomycetes,Agaricales,Mycenaceae,Mycena,Mycena megaspora,,
barcoding macrofungi,SH1126218.09FU,Fungi,Basidiomycota,Agaricomycetes,Agaricales,Mycenaceae,Mycena,Mycena galopus,,
barcoding macrofungi,SH1149345.09FU,Fungi,Basidiomycota,Agaricomycetes,Agaricales,Lyophyllaceae,Sphagnurus,Sphagnurus paluster,,
barcoding macrofungi,SH1149538.09FU,Fungi,Basidiomycota,Agaricomycetes,Agaricales,Tricholomataceae,Omphaliaster,,,
barcoding macrofungi,SH1149819.09FU,Fungi,Basidiomycota,Agaricomycetes,Russulales,Russulaceae,Lactarius,Lactarius musteus,,
barcoding macrofungi,SH1149908.09FU,Fungi,Basidiomycota,Agaricomycetes,Russulales,Russulaceae,Lactarius,Lactarius vietus,,
barcoding macrofungi,SH1150202.09FU,Fungi,Basidiomycota,Agaricomycetes,Russulales,Russulaceae,Lactarius,Lactarius helvus,,
barcoding macrofungi,SH1151078.09FU,Fungi,Basidiomycota,Agaricomycetes,Agaricales,Cortinariaceae,,,,
barcoding macrofungi,SH1151296.09FU,Fungi,Basidiomycota,Agaricomycetes,Agaricales,Cortinariaceae,Thaxterogaster,Thaxterogaster comarostaphylidis,,
barcoding macrofungi,SH1151538.09FU,Fungi,Basidiomycota,Agaricomycetes,Agaricales,Cortinariaceae,Cortinarius,Cortinarius aurantiobasis,,
barcoding macrofungi,SH1151538.09FU,Fungi,Basidiomycota,Agaricomycetes,Agaricales,Cortinariaceae,Cortinarius,Cortinarius bataillei,,
barcoding macrofungi,SH1151538.09FU,Fungi,Basidiomycota,Agaricomycetes,Agaricales,Cortinariaceae,Cortinarius,Cortinarius cinnamomeus,,
barcoding macrofungi,SH1151538.09FU,Fungi,Basidiomycota,Agaricomycetes,Agaricales,Cortinariaceae,Cortinarius,Cortinarius semisanguineus,,
barcoding macrofungi,SH1151570.09FU,Fungi,Basidiomycota,Agaricomycetes,Agaricales,Cortinariaceae,Cortinarius,Cortinarius cruentiphyllus,,
barcoding macrofungi,SH1151638.09FU,Fungi,Basidiomycota,Agaricomycetes,Agaricales,Cortinariaceae,Cortinarius,Cortinarius tenuifulvescens,,
barcoding macrofungi,SH1151937.09FU,Fungi,Basidiomycota,Agaricomycetes,Agaricales,Cortinariaceae,,,,
barcoding macrofungi,SH1151989.09FU,Fungi,Basidiomycota,Agaricomycetes,Agaricales,Cortinariaceae,Cortinarius,Cortinarius rubellus,,
barcoding macrofungi,SH1152058.09FU,Fungi,Basidiomycota,Agaricomycetes,Agaricales,Cortinariaceae,,,,
barcoding macrofungi,SH1152839.09FU,Fungi,Basidiomycota,Agaricomycetes,Agaricales,Cortinariaceae,Cortinarius,Cortinarius davemallochii,,
barcoding macrofungi,SH1153223.09FU,Fungi,Basidiomycota,Agaricomycetes,Agaricales,Cortinariaceae,Thaxterogaster,Thaxterogaster scaurus,,
barcoding macrofungi,SH1153312.09FU,Fungi,Basidiomycota,Agaricomycetes,Agaricales,Cortinariaceae,Thaxterogaster,Thaxterogaster pinophilus,,
barcoding macrofungi,SH1162502.09FU,Fungi,Basidiomycota,Agaricomycetes,Agaricales,Hymenogastraceae,Galerina,,,
barcoding macrofungi,SH1162507.09FU,Fungi,Basidiomycota,Agaricomycetes,Agaricales,Hymenogastraceae,Galerina,,,
barcoding macrofungi,SH1162545.09FU,Fungi,Basidiomycota,Agaricomycetes,Agaricales,Hymenogastraceae,Psilocybe,Psilocybe atrobrunnea,,
barcoding macrofungi,SH1162571.09FU,Fungi,Basidiomycota,Agaricomycetes,Agaricales,Hymenogastraceae,Galerina,Galerina paludosa,,
barcoding macrofungi,SH1162610.09FU,Fungi,Basidiomycota,Agaricomycetes,Agaricales,Hymenogastraceae,Galerina,Galerina sphagnicola,,
barcoding macrofungi,SH1162633.09FU,Fungi,Basidiomycota,Agaricomycetes,Agaricales,Hymenogastraceae,Galerina,Galerina allospora,,
barcoding macrofungi,SH1162804.09FU,Fungi,Basidiomycota,Agaricomycetes,Agaricales,Hymenogastraceae,Hebeloma,Hebeloma incarnatulum,,
barcoding macrofungi,SH1162882.09FU,Fungi,Basidiomycota,Agaricomycetes,Agaricales,Hymenogastraceae,Galerina,Galerina calyptrata,,
barcoding macrofungi,SH1162882.09FU,Fungi,Basidiomycota,Agaricomycetes,Agaricales,Hymenogastraceae,Galerina,,,
barcoding macrofungi,SH1162916.09FU,Fungi,Basidiomycota,Agaricomycetes,Agaricales,Hymenogastraceae,Galerina,Galerina pumila,,
barcoding macrofungi,SH1163929.09FU,Fungi,Basidiomycota,Agaricomycetes,Agaricales,Omphalotaceae,Gymnopus,,,
barcoding macrofungi,SH1167395.09FU,Fungi,Basidiomycota,Agaricomycetes,Agaricales,Entolomataceae,Entoloma,,,
barcoding macrofungi,SH1174059.09FU,Fungi,Basidiomycota,Agaricomycetes,Agaricales,Hydnangiaceae,Laccaria,Laccaria proxima,,
barcoding macrofungi,SH1176117.09FU,Fungi,Basidiomycota,Agaricomycetes,Agaricales,Hygrophoraceae,Cuphophyllus,Cuphophyllus cinerellus,,
barcoding macrofungi,SH1177977.09FU,Fungi,Basidiomycota,Agaricomycetes,Hymenochaetales,Repetobasidiaceae,Gyroflexus,Gyroflexus brevibasidiatus,,
barcoding macrofungi,SH1179023.09FU,Fungi,Basidiomycota,Agaricomycetes,Agaricales,Hymenogastraceae,Galerina,Galerina calyptrata,,
barcoding macrofungi,SH1179023.09FU,Fungi,Basidiomycota,Agaricomycetes,Agaricales,Hymenogastraceae,Galerina,,,
barcoding macrofungi,SH1180674.09FU,Fungi,Basidiomycota,Agaricomycetes,Russulales,Russulaceae,Russula,Russula paludosa,,
barcoding macrofungi,SH1180784.09FU,Fungi,Basidiomycota,Agaricomycetes,Russulales,Russulaceae,Russula,Russula paludosa,,
barcoding macrofungi,SH1181587.09FU,Fungi,Basidiomycota,Agaricomycetes,Russulales,Russulaceae,Russula,Russula emetica,,
barcoding macrofungi,SH1190878.09FU,Fungi,Basidiomycota,Agaricomycetes,Agaricales,Hymenogastraceae,Galerina,Galerina tibiicystis,,
barcoding macrofungi,SH1192464.09FU,Fungi,Basidiomycota,Agaricomycetes,Agaricales,Amanitaceae,Amanita,Amanita porphyria,,
barcoding macrofungi,SH1209427.09FU,Fungi,Basidiomycota,Agaricomycetes,Russulales,Russulaceae,Lactarius,Lactarius rufus,,
barcoding macrofungi,SH1209602.09FU,Fungi,Basidiomycota,Agaricomycetes,Agaricales,Mycenaceae,Xeromphalina,Xeromphalina setulipes,,
barcoding macrofungi,SH1209603.09FU,Fungi,Basidiomycota,Agaricomycetes,Agaricales,Mycenaceae,Xeromphalina,Xeromphalina campanelloides,,
barcoding macrofungi,SH1212966.09FU,Fungi,Basidiomycota,Agaricomycetes,Boletales,Suillaceae,Suillus,Suillus flavidus,,
barcoding macrofungi,SH1212966.09FU,Fungi,Basidiomycota,Agaricomycetes,Boletales,Suillaceae,Suillus,Suillus praetermissus,,
barcoding macrofungi,SH1218371.09FU,Fungi,Basidiomycota,Agaricomycetes,Agaricales,Psathyrellaceae,Psathyrella,Psathyrella sphagnicola,,
barcoding macrofungi,SH1220296.09FU,Fungi,Basidiomycota,Agaricomycetes,Russulales,Russulaceae,Russula,Russula decolorans,,
barcoding macrofungi,SH1222280.09FU,Fungi,Basidiomycota,Agaricomycetes,Agaricales,Hygrophoraceae,Arrhenia,Arrhenia philonotis,,
barcoding macrofungi,SH1223911.09FU,Fungi,Basidiomycota,Agaricomycetes,Agaricales,Hymenogastraceae,Gymnopilus,Gymnopilus decipiens,,
barcoding macrofungi,SH1223911.09FU,Fungi,Basidiomycota,Agaricomycetes,Agaricales,Hymenogastraceae,Gymnopilus,,,
barcoding macrofungi,SH1238843.09FU,Fungi,Basidiomycota,Agaricomycetes,Agaricales,Omphalotaceae,Gymnopus,Gymnopus dryophilus,,
barcoding macrofungi,SH1238843.09FU,Fungi,Basidiomycota,Agaricomycetes,Agaricales,Omphalotaceae,Gymnopus,Gymnopus junquilleus,,
barcoding macrofungi,SH1249738.09FU,Fungi,Basidiomycota,Agaricomycetes,Agaricales,Hygrophoraceae,Arrhenia,,,
barcoding macrofungi,SH1249738.09FU,Fungi,Basidiomycota,Agaricomycetes,Agaricales,Hygrophoraceae,Arrhenia,Arrhenia gerardiana,,
barcoding macrofungi,SH1249743.09FU,Fungi,Basidiomycota,Agaricomycetes,Agaricales,Hygrophoraceae,Arrhenia,Arrhenia bigelowii,,
barcoding macrofungi,SH1260576.09FU,Fungi,Basidiomycota,Agaricomycetes,Agaricales,Hymenogastraceae,Galerina,,,
barcoding macrofungi,SH1262582.09FU,Fungi,Basidiomycota,Agaricomycetes,Agaricales,Entolomataceae,Entoloma,Entoloma fuscomarginatum,,
barcoding macrofungi,SH1266463.09FU,Fungi,Basidiomycota,Agaricomycetes,Agaricales,Cortinariaceae,Cortinarius,Cortinarius collinitus,,
barcoding macrofungi,SH1280788.09FU,Fungi,Basidiomycota,Agaricomycetes,Agaricales,Omphalotaceae,Gymnopus,Gymnopus androsaceus,,
barcoding macrofungi,SH1281268.09FU,Fungi,Basidiomycota,Agaricomycetes,Agaricales,Cortinariaceae,Cortinarius,Cortinarius glandicolor,,
barcoding macrofungi,SH1281372.09FU,Fungi,Basidiomycota,Agaricomycetes,Agaricales,Cortinariaceae,Cortinarius,Cortinarius malachius,,
barcoding macrofungi,SH1282312.09FU,Fungi,Basidiomycota,Agaricomycetes,Agaricales,Cortinariaceae,,,,
barcoding macrofungi,SH1282672.09FU,Fungi,Basidiomycota,Agaricomycetes,Agaricales,Cortinariaceae,Cortinarius,Cortinarius coleoptera,,
barcoding macrofungi,SH1282989.09FU,Fungi,Basidiomycota,Agaricomycetes,Agaricales,Cortinariaceae,Cortinarius,Cortinarius lindstroemii,,
barcoding macrofungi,SH1283296.09FU,Fungi,Basidiomycota,Agaricomycetes,Agaricales,Cortinariaceae,Cortinarius,Cortinarius kauffmanianus,,
barcoding macrofungi,SH1283397.09FU,Fungi,Basidiomycota,Agaricomycetes,Agaricales,Cortinariaceae,Cortinarius,Cortinarius biformis,,
barcoding macrofungi,SH1283546.09FU,Fungi,Basidiomycota,Agaricomycetes,Agaricales,Cortinariaceae,Cortinarius,Cortinarius venustus,,
barcoding macrofungi,SH1283943.09FU,Fungi,Basidiomycota,Agaricomycetes,Agaricales,Cortinariaceae,Cortinarius,Cortinarius quarciticus,,
barcoding macrofungi,SH1283970.09FU,Fungi,Basidiomycota,Agaricomycetes,Agaricales,Cortinariaceae,Cortinarius,Cortinarius kauffmanianus,,
barcoding macrofungi,SH1283970.09FU,Fungi,Basidiomycota,Agaricomycetes,Agaricales,Cortinariaceae,Cortinarius,Cortinarius sphagnoravus,,
barcoding macrofungi,SH1283972.09FU,Fungi,Basidiomycota,Agaricomycetes,Agaricales,Cortinariaceae,Cortinarius,Cortinarius suberi,,
barcoding macrofungi,SH1285117.09FU,Fungi,Basidiomycota,Agaricomycetes,Agaricales,Cortinariaceae,Cortinarius,Cortinarius sphagnoravus,,
barcoding macrofungi,SH1303719.09FU,Fungi,Basidiomycota,Agaricomycetes,Agaricales,Cortinariaceae,Thaxterogaster,Thaxterogaster causticus,,
lichen survey,,Fungi,Ascomycota,Lecanoromycetes,Ostropales,Stictidaceae,Absconditella,Absconditella celata,,
lichen survey,,Fungi,Ascomycota,Lecanoromycetes,Ostropales,Stictidaceae,Absconditella,Absconditella sphagnorum,,
lichen survey,,Fungi,Ascomycota,Lecanoromycetes,Arthoniales,Arthoniaceae,Arthonia,Arthonia radiata,,
lichen survey,,Fungi,Ascomycota,Arthoniomycetes,Lecanorales,Parmeliaceae,Bryoria,Bryoria furcellata,,
lichen survey,,Fungi,Ascomycota,Lecanoromycetes,Lecanorales,Parmeliaceae,Bryoria,Bryoria fuscescens,,
lichen survey,,Fungi,Ascomycota,Lecanoromycetes,Lecanorales,Parmeliaceae,Bryoria,Bryoria nadvornikiana,,
lichen survey,,Fungi,Ascomycota,Lecanoromycetes,Lecanorales,Parmeliaceae,Bryoria,Bryoria simplicior,,
lichen survey,,Fungi,Ascomycota,Lecanoromycetes,Lecanorales,Parmeliaceae,Bryoria,Bryoria vrangiana,,
lichen survey,,Fungi,Ascomycota,Lecanoromycetes,Caliciales,Caliciaceae,Buellia,Buellia disciformis,,
lichen survey,,Fungi,Ascomycota,Lecanoromycetes,Caliciales,Caliciaceae,Buellia,Buellia erubescens ,,
lichen survey,,Fungi,Ascomycota,Lecanoromycetes,Lecanorales,Parmeliaceae,Cetraria,Cetraria sepincola,,
lichen survey,,Fungi,Ascomycota,Lecanoromycetes,Lecanorales,Cladoniaceae,Cladonia,Cladonia arbuscula,,
lichen survey,,Fungi,Ascomycota,Lecanoromycetes,Lecanorales,Cladoniaceae,Cladonia,Cladonia borealis,,
lichen survey,,Fungi,Ascomycota,Lecanoromycetes,Lecanorales,Cladoniaceae,Cladonia,Cladonia botrytes,,
lichen survey,,Fungi,Ascomycota,Lecanoromycetes,Lecanorales,Cladoniaceae,Cladonia,Cladonia carneola,,
lichen survey,,Fungi,Ascomycota,Lecanoromycetes,Lecanorales,Cladoniaceae,Cladonia,Cladonia cenotea,,
lichen survey,,Fungi,Ascomycota,Lecanoromycetes,Lecanorales,Cladoniaceae,Cladonia,Cladonia chlorophaea,,
lichen survey,,Fungi,Ascomycota,Lecanoromycetes,Lecanorales,Cladoniaceae,Cladonia,Cladonia coccifera,,
lichen survey,,Fungi,Ascomycota,Lecanoromycetes,Lecanorales,Cladoniaceae,Cladonia,Cladonia coniocraea,,
lichen survey,,Fungi,Ascomycota,Lecanoromycetes,Lecanorales,Cladoniaceae,Cladonia,Cladonia cornuta,,
lichen survey,,Fungi,Ascomycota,Lecanoromycetes,Lecanorales,Cladoniaceae,Cladonia,Cladonia crispata,,
lichen survey,,Fungi,Ascomycota,Lecanoromycetes,Lecanorales,Cladoniaceae,Cladonia,Cladonia cryptochlorophaea,,
lichen survey,,Fungi,Ascomycota,Lecanoromycetes,Lecanorales,Cladoniaceae,Cladonia,Cladonia cyanipes,,
lichen survey,,Fungi,Ascomycota,Lecanoromycetes,Lecanorales,Cladoniaceae,Cladonia,Cladonia deformis,,
lichen survey,,Fungi,Ascomycota,Lecanoromycetes,Lecanorales,Cladoniaceae,Cladonia,Cladonia digitata,,
lichen survey,,Fungi,Ascomycota,Lecanoromycetes,Lecanorales,Cladoniaceae,Cladonia,Cladonia fimbriata,,
lichen survey,,Fungi,Ascomycota,Lecanoromycetes,Lecanorales,Cladoniaceae,Cladonia,Cladonia gracilis,,
lichen survey,,Fungi,Ascomycota,Lecanoromycetes,Lecanorales,Cladoniaceae,Cladonia,Cladonia grayi,,
lichen survey,,Fungi,Ascomycota,Lecanoromycetes,Lecanorales,Cladoniaceae,Cladonia,Cladonia macilenta,,
lichen survey,,Fungi,Ascomycota,Lecanoromycetes,Lecanorales,Cladoniaceae,Cladonia,Cladonia merochlorophaea,,
lichen survey,,Fungi,Ascomycota,Lecanoromycetes,Lecanorales,Cladoniaceae,Cladonia,Cladonia mitis,,
lichen survey,,Fungi,Ascomycota,Lecanoromycetes,Lecanorales,Cladoniaceae,Cladonia,Cladonia phyllophora,,
lichen survey,,Fungi,Ascomycota,Lecanoromycetes,Lecanorales,Cladoniaceae,Cladonia,Cladonia pocillum,,
lichen survey,,Fungi,Ascomycota,Lecanoromycetes,Lecanorales,Cladoniaceae,Cladonia,Cladonia pyxidata,,
lichen survey,,Fungi,Ascomycota,Lecanoromycetes,Lecanorales,Cladoniaceae,Cladonia,Cladonia rangiferina,,
lichen survey,,Fungi,Ascomycota,Lecanoromycetes,Lecanorales,Cladoniaceae,Cladonia,Cladonia squamosa,,
lichen survey,,Fungi,Ascomycota,Lecanoromycetes,Lecanorales,Cladoniaceae,Cladonia,Cladonia stellaris,,
lichen survey,,Fungi,Ascomycota,Lecanoromycetes,Lecanorales,Cladoniaceae,Cladonia,Cladonia stygia,,
lichen survey,,Fungi,Ascomycota,Lecanoromycetes,Lecanorales,Cladoniaceae,Cladonia,Cladonia sulphurina,,
lichen survey,,Fungi,Ascomycota,Lecanoromycetes,Lecanorales,Parmeliaceae,Evernia,Evernia mesomorpha,,
lichen survey,,Fungi,Ascomycota,Lecanoromycetes,Umbilicariales,Ophioparmaceae,Hypocenomyce,Hypocenomyce scalaris,,
lichen survey,,Fungi,Ascomycota,Lecanoromycetes,Lecanorales,Parmeliaceae,Hypogymnia,Hypogymnia physodes,,
lichen survey,,Fungi,Ascomycota,Lecanoromycetes,Pertusariales,Icmadophilaceae,Icmadophila,Icmadophila ericetorum,,
lichen survey,,Fungi,Ascomycota,Lecanoromycetes,Lecanorales,Parmeliaceae,Imshaugia,Imshaugia aleurites,,
lichen survey,,Fungi,Ascomycota,Lecanoromycetes,Lecanorales,Lecanoraceae,Lecanora,Lecanora glabrata,,
lichen survey,,Fungi,Ascomycota,Lecanoromycetes,Lecanorales,Lecanoraceae,Lecanora,Lecanora pulicaris,,
lichen survey,,Fungi,Ascomycota,Lecanoromycetes,Lecanorales,Lecanoraceae,Lecanora,Lecanora symmicta,,
lichen survey,,Fungi,Ascomycota,Lecanoromycetes,Lecideales,Lecideaceae,Lecidea,Lecidea nylanderi,,
lichen survey,,Fungi,Basidiomycota,Agaricomycetes,Agaricales,Hygrophoraceae,Lichenomphalia,Lichenomphalia umbellifera,,
lichen survey,,Fungi,Ascomycota,Lecanoromycetes,Lecanorales,Parmeliaceae,Melanohalea,Melanohalea olivacea,,
lichen survey,,Fungi,Ascomycota,Lecanoromycetes,Lecanorales,Parmeliaceae,Melanohalea,Melanohalea septentrionalis,,
lichen survey,,Fungi,Ascomycota,Lecanoromycetes,Lecanorales,Byssolomataceae,Micarea,Micarea misella,,
lichen survey,,Fungi,Ascomycota,Lecanoromycetes,Lecanorales,Tephromelataceae,Mycoblastus,Mycoblastus sanguinarius,,
lichen survey,,Fungi,Ascomycota,Lecanoromycetes,Lecanorales,Parmeliaceae,Parmelia,Parmelia sulcata,,
lichen survey,,Fungi,Ascomycota,Lecanoromycetes,Lecanorales,Parmeliaceae,Parmeliopsis,Parmeliopsis ambigua,,
lichen survey,,Fungi,Ascomycota,Lecanoromycetes,Lecanorales,Parmeliaceae,Parmeliopsis,Parmeliopsis hyperopta,,
lichen survey,,Fungi,Ascomycota,Lecanoromycetes,Baeomycetales,Trapeliaceae,Placynthiella,Placynthiella dasaea,,
lichen survey,,Fungi,Ascomycota,Lecanoromycetes,Baeomycetales,Trapeliaceae,Placynthiella,Placynthiella uliginosa,,
lichen survey,,Fungi,Ascomycota,Lecanoromycetes,Lecanorales,Parmeliaceae,Pseudevernia,Pseudevernia furfuracea,,
lichen survey,,Fungi,Ascomycota,Candelariomycetes,Candelariales,Pycnoraceae,Pycnora,Pycnora sorophora,,
lichen survey,,Fungi,Ascomycota,Sareomycetes,Sareales,Sareaceae,Sarea,Sarea difformis,,
lichen survey,,Fungi,Ascomycota,Lecanoromycetes,Lecanorales,Scoliciosporaceae,Scoliciosporum,Scoliciosporum chlorococcum,,
lichen survey,,Fungi,Ascomycota,Lecanoromycetes,Baeomycetales,Trapeliaceae,Trapeliopsis,Trapeliopsis granulosa,,
lichen survey,,Fungi,Ascomycota,Lecanoromycetes,Lecanorales,Parmeliaceae,Usnea,Usnea dasopoga,,
lichen survey,,Fungi,Ascomycota,Lecanoromycetes,Lecanorales,Parmeliaceae,Usnea,Usnea hirta,,
lichen survey,,Fungi,Ascomycota,Lecanoromycetes,Lecanorales,Parmeliaceae,Usnea,Usnea lapponica,,
lichen survey,,Fungi,Ascomycota,Lecanoromycetes,Lecanorales,Parmeliaceae,Usnea,Usnea subfloridana,,
lichen survey,,Fungi,Ascomycota,Lecanoromycetes,Lecanorales,Parmeliaceae,Vulpicida,Vulpicida pinastri,,
lichen survey,,Fungi,Ascomycota,Lecanoromycetes,Baeomycetales,Xylographaceae,Xylographa,Xylographa parallela,,
plant litter survey,SH0740100.10FU,Fungi,Ascomycota,Sordariomycetes,Hypocreales,Cordycipitaceae,Beauveria,Beauveria bassiana,,
plant litter survey,SH0742454.10FU,Fungi,Mucoromycota,Umbelopsidomycetes,Umbelopsidales,Umbelopsidaceae,Umbelopsis,Umbelopsis isabellina,,
plant litter survey,SH0748587.10FU,Fungi,Ascomycota,Leotiomycetes,Rhytismatales,Rhytismataceae,Hypoderma,Hypoderma cordylines,,
plant litter survey,SH0750545.10FU,Fungi,Ascomycota,Leotiomycetes,Helotiales,Mollisiaceae,Mollisia,,,
plant litter survey,SH0811373.10FU,Fungi,Ascomycota,Sordariomycetes,Hypocreales,Cordycipitaceae,Lecanicillium,,,
plant litter survey,SH0841828.10FU,Fungi,Ascomycota,Leotiomycetes,Rhytismatales,Rhytismataceae,Hypoderma,Hypoderma berberidis,,
plant litter survey,SH0846082.10FU,Fungi,Ascomycota,Leotiomycetes,Helotiales,Mollisiaceae,Acidomelania,Acidomelania panicicola,,
plant litter survey,SH0846115.10FU,Fungi,Ascomycota,Leotiomycetes,Helotiales,Ploettnerulaceae,Pyrenopeziza,Pyrenopeziza revincta,,
plant litter survey,SH0846143.10FU,Fungi,Ascomycota,Leotiomycetes,Helotiales,Mollisiaceae,Mollisiaceae,,,
plant litter survey,SH0858637.10FU,Fungi,Ascomycota,Leotiomycetes,Helotiales,Mollisiaceae,Mollisia,Mollisia palustris,,
plant litter survey,SH0862152.10FU,Fungi,Ascomycota,Dothideomycetes,Pleosporales,Didymellaceae,Didymella,Didymella exigua,,
plant litter survey,SH0869240.10FU,Fungi,Ascomycota,Leotiomycetes,Helotiales,Lachnaceae,Proliferodiscus,Proliferodiscus tricolor,,
plant litter survey,SH0897541.10FU,Fungi,Ascomycota,Leotiomycetes,Helotiales,Hyaloscyphaceae,Hyaloscypha,Hyaloscypha variabilis,,
plant litter survey,SH0897621.10FU,Fungi,Ascomycota,Leotiomycetes,Helotiales,Mollisiaceae,Phialocephala,Phialocephala bamuru,,
plant litter survey,SH0901369.10FU,Fungi,Ascomycota,Eurotiomycetes,Eurotiales,Aspergillaceae,Talaromyces,Talaromyces marneffei,,
plant litter survey,SH0907918.10FU,Fungi,Ascomycota,Leotiomycetes,Helotiales,,Helotiales,,,
plant litter survey,SH0907982.10FU,Fungi,Ascomycota,Leotiomycetes,Helotiales,,Helotiales,,,
plant litter survey,SH0908188.10FU,Fungi,Ascomycota,Leotiomycetes,Helotiales,,Helotiales,,,
plant litter survey,SH0911917.10FU,Fungi,Ascomycota,Dothideomycetes,Mycosphaerellales,Mycosphaerellaceae,Zasmidium,Zasmidium fructigenum,,
plant litter survey,SH0924904.10FU,Fungi,Ascomycota,Leotiomycetes,Helotiales,Godroniaceae,Godronia,Godronia fuliginosa,,
plant litter survey,SH0931217.10FU,Fungi,Ascomycota,Leotiomycetes,Phacidiales,Phacidiaceae,Phacidium,Phacidium lacerum,,
plant litter survey,SH0939673.10FU,Fungi,Ascomycota,Eurotiomycetes,Eurotiales,Aspergillaceae,Penicillium,Penicillium spinulosum,,
plant litter survey,SH0940809.10FU,Fungi,Ascomycota,Sordariomycetes,Hypocreales,Ophiocordycipitaceae,Tolypocladium,Tolypocladium inflatum,,
plant litter survey,SH0980008.10FU,Fungi,Ascomycota,Leotiomycetes,Rhytismatales,Rhytismataceae,Rhytismataceae,,,
plant litter survey,SH0980024.10FU,Fungi,Ascomycota,Leotiomycetes,Rhytismatales,Rhytismataceae,Coccomyces,,,
plant litter survey,SH0980037.10FU,Fungi,Ascomycota,Leotiomycetes,,,Leotiomycetes,,,
plant litter survey,SH0990980.10FU,Fungi,Ascomycota,Leotiomycetes,Helotiales,Lachnaceae,Velebitea,Velebitea chrysotexta,,
plant litter survey,SH0991353.10FU,Fungi,Ascomycota,Dothideomycetes,Pleosporales,Didymosphaeriaceae,Pseudocamarosporium,Pseudocamarosporium africanum,,
plant litter survey,SH0998992.10FU,Fungi,Ascomycota,Leotiomycetes,Helotiales,,Helotiales,,,
plant litter survey,SH1011920.10FU,Fungi,Ascomycota,Leotiomycetes,Helotiales,,Rhexocercosporidium,Rhexocercosporidium panacis,,
wood decay survey,,Fungi,Basidiomycota,Agaricomycetes,Agaricales,Radulomycetaceae,Aphanobasidium,Aphanobasidium pseudotsugae,,
wood decay survey,,Fungi,Ascomycota,Leotiomycetes,Helotiales,Helotiaceae,Ascocoryne,Ascocoryne sarcoides,,
wood decay survey,,Fungi,Basidiomycota,Agaricomycetes,Atheliales,Atheliaceae,Athelia,Athelia acrospora,,
wood decay survey,,Fungi,Basidiomycota,Agaricomycetes,Atheliales,Atheliaceae,Athelia,Athelia decipiens,,
wood decay survey,,Fungi,Basidiomycota,Agaricomycetes,Polyporales,Phanerochaetaceae,Atheliachaete,Atheliachaete sanguinea,,
wood decay survey,,Fungi,Basidiomycota,Agaricomycetes,Amylocorticiales,Amylocorticiaceae,Ceraceomyces,Ceraceomyces microsporus,,
wood decay survey,,Fungi,Basidiomycota,Dacrymycetes,Dacrymycetales,Cerinomycetaceae,Cerinomyces,Cerinomyces tortus,,
wood decay survey,,Fungi,Ascomycota,Leotiomycetes,Helotiales,Hamatocanthoscyphaceae,Ciliolarina,Ciliolarina neglecta,,
wood decay survey,,Fungi,Basidiomycota,Agaricomycetes,Boletales,Coniophoraceae,Coniophora,Coniophora arida,,
wood decay survey,,Fungi,Basidiomycota,Agaricomycetes,Polyporales,Meruliaceae,Conohypha,Conohypha albocremea,,
wood decay survey,,Fungi,Basidiomycota,Agaricomycetes,Polyporales,Sparassidaceae,Crustoderma,Crustoderma dryinum,,
wood decay survey,,Fungi,Basidiomycota,Dacrymycetes,Dacrymycetales,Dacrymycetaceae,Dacrymyces,Dacrymyces stillatus,,
wood decay survey,,Fungi,Basidiomycota,Agaricomycetes,Polyporales,Fomitopsidaceae,Daedalea,Daedalea xantha,,
wood decay survey,,Fungi,Basidiomycota,Agaricomycetes,Auriculariales,Auriculariaceae,Exidia,Exidia glandulosa,,
wood decay survey,,Fungi,Basidiomycota,Agaricomycetes,Auriculariales,Auriculariaceae,Exidia,Exidia saccharina,,
wood decay survey,,Fungi,Basidiomycota,Agaricomycetes,Gloeophyllales,Gloeophyllaceae,Gloeophyllum,Gloeophyllum protractum,,
wood decay survey,,Fungi,Ascomycota,Leotiomycetes,Helotiales,Helotiaceae,Gorgoniceps,Gorgoniceps aridula,,
wood decay survey,,Fungi,Ascomycota,Leotiomycetes,Helotiales,Helotiaceae,Gorgoniceps,Gorgoniceps hypothallosa,,
wood decay survey,,Fungi,Ascomycota,Leotiomycetes,Helotiales,Helotiaceae,Gorgoniceps,Gorgoniceps viridula,,
wood decay survey,,Fungi,Ascomycota,Leotiomycetes,Helotiales,Hamatocanthoscyphaceae,Hamatocanthoscypha,Hamatocanthoscypha ocellata,,
wood decay survey,,Fungi,Ascomycota,Leotiomycetes,Helotiales,Hyaloscyphaceae,Hyaloscypha,Hyaloscypha albohyalina,,
wood decay survey,,Fungi,Ascomycota,Leotiomycetes,Helotiales,Hyaloscyphaceae,Hyaloscypha,Hyaloscypha aureliella,,
wood decay survey,,Fungi,Basidiomycota,Agaricomycetes,Polyporales,Hyphodermataceae,Hyphoderma,Hyphoderma setigerum,,
wood decay survey,,Fungi,Basidiomycota,Agaricomycetes,Agaricales,Strophariaceae,Hypholoma,Hypholoma capnoides,,
wood decay survey,,Fungi,Basidiomycota,Agaricomycetes,Polyporales,Meruliaceae,Hypochnicium,Hypochnicium geogenium,,
wood decay survey,,Fungi,Basidiomycota,Agaricomycetes,Polyporales,Meruliaceae,Hypochnicium,Hypochnicium punctulatum,,
wood decay survey,,Fungi,Basidiomycota,Agaricomycetes,Jaapiales,Jaapiaceae,Jaapia,Jaapia argillacea,,
wood decay survey,,Fungi,Basidiomycota,Agaricomycetes,Hymenochaetales,,Kurtia,Kurtia argillacea,,
wood decay survey,,Fungi,Ascomycota,Leotiomycetes,Helotiales,Mollisiaceae,Mollisia,Mollisia melaleuca,,
wood decay survey,,Fungi,Basidiomycota,Agaricomycetes,Agaricales,Clavariaceae,Mucronella,Mucronella calva,,
wood decay survey,,Fungi,Basidiomycota,Agaricomycetes,Auriculariales,,Mycostilla,Mycostilla vermiformis,,
wood decay survey,,Fungi,Ascomycota,Lecanoromycetes,Ostropales,Odontotremataceae,Odontotrema,Odontotrema minus,,
wood decay survey,,Fungi,Basidiomycota,Agaricomycetes,Hymenochaetales,Rickenellaceae,Peniophorella,Peniophorella praetermissa,,
wood decay survey,,Fungi,Ascomycota,Leotiomycetes,Helotiales,Dermateaceae,Pezicula,Pezicula eucrita,,
wood decay survey,,Fungi,Basidiomycota,Agaricomycetes,Atheliales,Atheliaceae,Piloderma,Piloderma bicolor,,
wood decay survey,,Fungi,Basidiomycota,Agaricomycetes,Atheliales,Atheliaceae,Piloderma,Piloderma byssinum,,
wood decay survey,,Fungi,Basidiomycota,Agaricomycetes,Thelephorales,Thelephoraceae,Polyozellus,Polyozellus vepallidosporus,,
wood decay survey,,Fungi,Basidiomycota,Agaricomycetes,Auriculariales,,Pseudohydnum,Pseudohydnum gelatinosum,,
wood decay survey,,Fungi,Basidiomycota,Agaricomycetes,Sistotremastrales,Sistotremastraceae,Sistotremastrum,Sistotremastrum suecicum,,
wood decay survey,,Fungi,Basidiomycota,Agaricomycetes,Thelephorales,Thelephoraceae,Thelephora,Thelephora atra,,
wood decay survey,,Fungi,Basidiomycota,Agaricomycetes,Thelephorales,Thelephoraceae,Tomentella,Tomentella fuscocinerea,,
wood decay survey,,Fungi,Basidiomycota,Agaricomycetes,Trechisporales,Sistotremataceae,Trechispora,Trechispora microspora,,
wood decay survey,,Fungi,Basidiomycota,Agaricomycetes,Hymenochaetales,Hymenochaetaceae,Tubulicrinis,Tubulicrinis borealis,,
wood decay survey,,Fungi,Basidiomycota,Agaricomycetes,Hymenochaetales,Hymenochaetaceae,Tubulicrinis,Tubulicrinis subulatus,,
wood decay survey,,Fungi,Basidiomycota,Agaricomycetes,Atheliales,Atheliaceae,Tylospora,Tylospora asterophora,,
wood decay survey,,Fungi,Basidiomycota,Agaricomycetes,Russulales,Xenasmataceae,Xenasmatella,Xenasmatella vaga,,
wood decay survey,,Fungi,Basidiomycota,Agaricomycetes,Hymenochaetales,Schizoporaceae,Xylodon,Xylodon asper,,
wood decay survey,,Fungi,Basidiomycota,Agaricomycetes,Hymenochaetales,Schizoporaceae,Xylodon,Xylodon borealis,,
wood decay survey,,Fungi,Basidiomycota,Agaricomycetes,Hymenochaetales,Schizoporaceae,Xylodon,Xylodon brevisetus,,
